﻿<?xml version="1.0" encoding="utf-8"?>
<ImportExportXml version="9.2.22031.140" SolutionPackageVersion="9.2" languagecode="1033" generatedBy="CrmLive" xmlns:xsi="http://www.w3.org/2001/XMLSchema-instance">
  <SolutionManifest>
    <UniqueName>NameCombiner</UniqueName>
    <LocalizedNames>
      <LocalizedName description="NameCombiner" languagecode="1033" />
    </LocalizedNames>
    <Descriptions>
      <Description description="A generic Plugin to perform Name Combinations based on configurations" languagecode="1033" />
    </Descriptions>
    <Version>1.0.0.0</Version>
    <Managed>1</Managed>
    <Publisher>
      <UniqueName>mariuswodtke</UniqueName>
      <LocalizedNames>
        <LocalizedName description="mariuswodtke" languagecode="1033" />
      </LocalizedNames>
      <Descriptions>
        <Description description="mariuswodtke" languagecode="1033" />
      </Descriptions>
      <EMailAddress xsi:nil="true"></EMailAddress>
      <SupportingWebsiteUrl>https://github.com/Kunter-Bunt</SupportingWebsiteUrl>
      <CustomizationPrefix>mwo</CustomizationPrefix>
      <CustomizationOptionValuePrefix>48129</CustomizationOptionValuePrefix>
      <Addresses>
        <Address>
          <AddressNumber>1</AddressNumber>
          <AddressTypeCode>1</AddressTypeCode>
          <City xsi:nil="true"></City>
          <County xsi:nil="true"></County>
          <Country xsi:nil="true"></Country>
          <Fax xsi:nil="true"></Fax>
          <FreightTermsCode xsi:nil="true"></FreightTermsCode>
          <ImportSequenceNumber xsi:nil="true"></ImportSequenceNumber>
          <Latitude xsi:nil="true"></Latitude>
          <Line1 xsi:nil="true"></Line1>
          <Line2 xsi:nil="true"></Line2>
          <Line3 xsi:nil="true"></Line3>
          <Longitude xsi:nil="true"></Longitude>
          <Name xsi:nil="true"></Name>
          <PostalCode xsi:nil="true"></PostalCode>
          <PostOfficeBox xsi:nil="true"></PostOfficeBox>
          <PrimaryContactName xsi:nil="true"></PrimaryContactName>
          <ShippingMethodCode>1</ShippingMethodCode>
          <StateOrProvince xsi:nil="true"></StateOrProvince>
          <Telephone1 xsi:nil="true"></Telephone1>
          <Telephone2 xsi:nil="true"></Telephone2>
          <Telephone3 xsi:nil="true"></Telephone3>
          <TimeZoneRuleVersionNumber xsi:nil="true"></TimeZoneRuleVersionNumber>
          <UPSZone xsi:nil="true"></UPSZone>
          <UTCOffset xsi:nil="true"></UTCOffset>
          <UTCConversionTimeZoneCode xsi:nil="true"></UTCConversionTimeZoneCode>
        </Address>
        <Address>
          <AddressNumber>2</AddressNumber>
          <AddressTypeCode>1</AddressTypeCode>
          <City xsi:nil="true"></City>
          <County xsi:nil="true"></County>
          <Country xsi:nil="true"></Country>
          <Fax xsi:nil="true"></Fax>
          <FreightTermsCode xsi:nil="true"></FreightTermsCode>
          <ImportSequenceNumber xsi:nil="true"></ImportSequenceNumber>
          <Latitude xsi:nil="true"></Latitude>
          <Line1 xsi:nil="true"></Line1>
          <Line2 xsi:nil="true"></Line2>
          <Line3 xsi:nil="true"></Line3>
          <Longitude xsi:nil="true"></Longitude>
          <Name xsi:nil="true"></Name>
          <PostalCode xsi:nil="true"></PostalCode>
          <PostOfficeBox xsi:nil="true"></PostOfficeBox>
          <PrimaryContactName xsi:nil="true"></PrimaryContactName>
          <ShippingMethodCode>1</ShippingMethodCode>
          <StateOrProvince xsi:nil="true"></StateOrProvince>
          <Telephone1 xsi:nil="true"></Telephone1>
          <Telephone2 xsi:nil="true"></Telephone2>
          <Telephone3 xsi:nil="true"></Telephone3>
          <TimeZoneRuleVersionNumber xsi:nil="true"></TimeZoneRuleVersionNumber>
          <UPSZone xsi:nil="true"></UPSZone>
          <UTCOffset xsi:nil="true"></UTCOffset>
          <UTCConversionTimeZoneCode xsi:nil="true"></UTCConversionTimeZoneCode>
        </Address>
      </Addresses>
    </Publisher>
    <RootComponents>
      <RootComponent type="1" schemaName="mwo_namecombination" behavior="0" />
      <RootComponent type="29" id="{9a0ef6d2-12b4-ec11-983f-00224883a180}" behavior="0" />
      <RootComponent type="62" schemaName="mwo_NameCombinerAdministration" behavior="0" />
      <RootComponent type="80" schemaName="mwo_NameCombinerAdministration" behavior="0" />
      <RootComponent type="91" id="{dc2c4933-15b4-ec11-983f-00224883a180}" schemaName="mwo.D365NameCombiner.Plugins, Version=1.0.0.0, Culture=neutral, PublicKeyToken=c72c745f5a7f77cb" behavior="0" />
      <RootComponent type="92" id="{c9334b39-15b4-ec11-983f-00224883a180}" behavior="0" />
      <RootComponent type="92" id="{e12c4933-15b4-ec11-983f-00224883a180}" behavior="0" />
      <RootComponent type="92" id="{e52c4933-15b4-ec11-983f-00224883a180}" behavior="0" />
      <RootComponent type="92" id="{e82c4933-15b4-ec11-983f-00224883a180}" behavior="0" />
      <RootComponent type="92" id="{ed2c4933-15b4-ec11-983f-00224883a180}" behavior="0" />
      <RootComponent type="92" id="{f22c4933-15b4-ec11-983f-00224883a180}" behavior="0" />
    </RootComponents>
    <MissingDependencies>
      <MissingDependency>
        <Required type="1" schemaName="mwo_pluginstepregistration" displayName="Plugin Step Registration" solution="Active" />
        <Dependent type="10" schemaName="mwo_NameCombination_CreateStep_mwo_Plugin" displayName="mwo_NameCombination_CreateStep_mwo_Plugin" parentSchemaName="mwo_pluginstepregistration" parentDisplayName="Plugin Step Registration" />
      </MissingDependency>
      <MissingDependency>
        <Required type="2" schemaName="mwo_name" displayName="Name" parentSchemaName="mwo_pluginstepregistration" parentDisplayName="Plugin Step Registration" solution="Active" />
        <Dependent type="10" schemaName="mwo_NameCombination_CreateStep_mwo_Plugin" displayName="mwo_NameCombination_CreateStep_mwo_Plugin" parentSchemaName="mwo_pluginstepregistration" parentDisplayName="Plugin Step Registration" />
      </MissingDependency>
      <MissingDependency>
        <Required type="2" schemaName="mwo_name" displayName="Name" parentSchemaName="mwo_pluginstepregistration" parentDisplayName="Plugin Step Registration" solution="Active" />
        <Dependent type="10" schemaName="mwo_NameCombination_UpdateStep_mwo_Plugin" displayName="mwo_NameCombination_UpdateStep_mwo_Plugin" parentSchemaName="mwo_pluginstepregistration" parentDisplayName="Plugin Step Registration" />
      </MissingDependency>
      <MissingDependency>
        <Required type="2" schemaName="mwo_pluginstepregistrationid" displayName="Plugin Step Registration" parentSchemaName="mwo_pluginstepregistration" parentDisplayName="Plugin Step Registration" solution="Active" />
        <Dependent type="10" schemaName="mwo_NameCombination_CreateStep_mwo_Plugin" displayName="mwo_NameCombination_CreateStep_mwo_Plugin" parentSchemaName="mwo_pluginstepregistration" parentDisplayName="Plugin Step Registration" />
      </MissingDependency>
      <MissingDependency>
        <Required type="61" schemaName="msdyn_/Images/AppModule_Default_Icon.png" displayName="msdyn_/Images/AppModule_Default_Icon.png" solution="AppModuleWebResources (2.5)" />
        <Dependent type="80" schemaName="mwo_NameCombinerAdministration" displayName="Name Combination Administration" />
      </MissingDependency>
    </MissingDependencies>
  </SolutionManifest>
</ImportExportXml>