<ImportExportXml version="9.2.21014.138" SolutionPackageVersion="9.2" languagecode="1033" generatedBy="CrmLive" xmlns:xsi="http://www.w3.org/2001/XMLSchema-instance">
  <SolutionManifest>
    <UniqueName>NameCombiner</UniqueName>
    <LocalizedNames>
      <LocalizedName description="NameCombiner" languagecode="1033" />
    </LocalizedNames>
    <Descriptions>
      <Description description="A generic Plugin to perform Name Combinations based on configurations" languagecode="1033" />
    </Descriptions>
    <Version>1.0.0.0</Version>
    <Managed>1</Managed>
    <Publisher>
      <UniqueName>mariuswodtke</UniqueName>
      <LocalizedNames>
        <LocalizedName description="mariuswodtke" languagecode="1033" />
      </LocalizedNames>
      <Descriptions>
        <Description description="mariuswodtke" languagecode="1033" />
      </Descriptions>
      <EMailAddress xsi:nil="true"></EMailAddress>
      <SupportingWebsiteUrl>https://github.com/Kunter-Bunt</SupportingWebsiteUrl>
      <CustomizationPrefix>mwo</CustomizationPrefix>
      <CustomizationOptionValuePrefix>48129</CustomizationOptionValuePrefix>
      <Addresses>
        <Address>
          <AddressNumber>1</AddressNumber>
          <AddressTypeCode>1</AddressTypeCode>
          <City xsi:nil="true"></City>
          <County xsi:nil="true"></County>
          <Country xsi:nil="true"></Country>
          <Fax xsi:nil="true"></Fax>
          <FreightTermsCode xsi:nil="true"></FreightTermsCode>
          <ImportSequenceNumber xsi:nil="true"></ImportSequenceNumber>
          <Latitude xsi:nil="true"></Latitude>
          <Line1 xsi:nil="true"></Line1>
          <Line2 xsi:nil="true"></Line2>
          <Line3 xsi:nil="true"></Line3>
          <Longitude xsi:nil="true"></Longitude>
          <Name xsi:nil="true"></Name>
          <PostalCode xsi:nil="true"></PostalCode>
          <PostOfficeBox xsi:nil="true"></PostOfficeBox>
          <PrimaryContactName xsi:nil="true"></PrimaryContactName>
          <ShippingMethodCode>1</ShippingMethodCode>
          <StateOrProvince xsi:nil="true"></StateOrProvince>
          <Telephone1 xsi:nil="true"></Telephone1>
          <Telephone2 xsi:nil="true"></Telephone2>
          <Telephone3 xsi:nil="true"></Telephone3>
          <TimeZoneRuleVersionNumber xsi:nil="true"></TimeZoneRuleVersionNumber>
          <UPSZone xsi:nil="true"></UPSZone>
          <UTCOffset xsi:nil="true"></UTCOffset>
          <UTCConversionTimeZoneCode xsi:nil="true"></UTCConversionTimeZoneCode>
        </Address>
        <Address>
          <AddressNumber>2</AddressNumber>
          <AddressTypeCode>1</AddressTypeCode>
          <City xsi:nil="true"></City>
          <County xsi:nil="true"></County>
          <Country xsi:nil="true"></Country>
          <Fax xsi:nil="true"></Fax>
          <FreightTermsCode xsi:nil="true"></FreightTermsCode>
          <ImportSequenceNumber xsi:nil="true"></ImportSequenceNumber>
          <Latitude xsi:nil="true"></Latitude>
          <Line1 xsi:nil="true"></Line1>
          <Line2 xsi:nil="true"></Line2>
          <Line3 xsi:nil="true"></Line3>
          <Longitude xsi:nil="true"></Longitude>
          <Name xsi:nil="true"></Name>
          <PostalCode xsi:nil="true"></PostalCode>
          <PostOfficeBox xsi:nil="true"></PostOfficeBox>
          <PrimaryContactName xsi:nil="true"></PrimaryContactName>
          <ShippingMethodCode>1</ShippingMethodCode>
          <StateOrProvince xsi:nil="true"></StateOrProvince>
          <Telephone1 xsi:nil="true"></Telephone1>
          <Telephone2 xsi:nil="true"></Telephone2>
          <Telephone3 xsi:nil="true"></Telephone3>
          <TimeZoneRuleVersionNumber xsi:nil="true"></TimeZoneRuleVersionNumber>
          <UPSZone xsi:nil="true"></UPSZone>
          <UTCOffset xsi:nil="true"></UTCOffset>
          <UTCConversionTimeZoneCode xsi:nil="true"></UTCConversionTimeZoneCode>
        </Address>
      </Addresses>
    </Publisher>
    <RootComponents>
      <RootComponent type="1" schemaName="mwo_namecombination" behavior="0" />
      <RootComponent type="60" id="{196b76ee-4f44-44e3-b640-48e5b6c14e68}" behavior="0" />
    </RootComponents>
    <MissingDependencies>
      <MissingDependency>
        <Required key="0" type="1" schemaName="mwo_pluginstepregistration" displayName="Plugin Step Registration" solution="Active" />
        <Dependent key="1" type="10" schemaName="mwo_NameCombination_UpdateStep_mwo_Plugin" displayName="mwo_NameCombination_UpdateStep_mwo_Plugin" parentSchemaName="mwo_pluginstepregistration" parentDisplayName="Plugin Step Registration" />
      </MissingDependency>
      <MissingDependency>
        <Required key="2" type="2" schemaName="mwo_pluginstepregistrationid" displayName="Plugin Step Registration" parentSchemaName="mwo_pluginstepregistration" parentDisplayName="Plugin Step Registration" solution="Active" />
        <Dependent key="1" type="10" schemaName="mwo_NameCombination_UpdateStep_mwo_Plugin" displayName="mwo_NameCombination_UpdateStep_mwo_Plugin" parentSchemaName="mwo_pluginstepregistration" parentDisplayName="Plugin Step Registration" />
      </MissingDependency>
      <MissingDependency>
        <Required key="3" type="2" schemaName="mwo_name" displayName="Name" parentSchemaName="mwo_pluginstepregistration" parentDisplayName="Plugin Step Registration" solution="Active" />
        <Dependent key="1" type="10" schemaName="mwo_NameCombination_UpdateStep_mwo_Plugin" displayName="mwo_NameCombination_UpdateStep_mwo_Plugin" parentSchemaName="mwo_pluginstepregistration" parentDisplayName="Plugin Step Registration" />
      </MissingDependency>
      <MissingDependency>
        <Required key="3" type="2" schemaName="mwo_name" displayName="Name" parentSchemaName="mwo_pluginstepregistration" parentDisplayName="Plugin Step Registration" solution="Active" />
        <Dependent key="4" type="10" schemaName="mwo_NameCombination_CreateStep_mwo_Plugin" displayName="mwo_NameCombination_CreateStep_mwo_Plugin" parentSchemaName="mwo_pluginstepregistration" parentDisplayName="Plugin Step Registration" />
      </MissingDependency>
    </MissingDependencies>
  </SolutionManifest>
</ImportExportXml>